story_id,user_id,commented,liked,subscribed
63827,6,,,
63877,1,,,
63877,1651,,,
63884,4827,,,
63885,4828,,,
63877,6,,,
63884,5,,,
63878,5,,,
63827,4759,,,
63886,4829,,1,
63886,4830,,1,
63826,4792,,,
63886,1,,,
1046,6,,,
17843,6,,,
63796,4781,,,
63894,4831,,,
63895,4832,,,
63856,4815,,,
66,76,1,,
63886,4769,,,
63892,4828,,,
63895,6,,,
63714,4755,,,
41,76,,,
63891,4824,,,
63889,4827,,,
63774,6,,,
61471,6,,,
63837,384,,,
63877,384,,,
63837,76,,,
63385,6,,,
63899,4328,,,
63352,4328,,,
63872,4818,,,
63897,4827,,,
63898,4828,,,
463,76,,,
354,76,,,
301,5,,,
63904,4827,,,
63905,4828,,,
63910,2330,,,
63710,4258,,,
63907,4696,,,
63903,4605,,,
63906,6,,1,
63911,2330,,,
63909,5,,,
63909,2358,,1,
63867,4815,,,
63233,4574,,,
2044,5,,,
63906,5,,,
63908,1579,,,
63908,4809,,,
63908,2530,,,
63908,441,,,
63914,4794,,,
63916,4827,,,
63917,4835,,,
63918,4696,,,
63908,1626,,,
63906,4769,,,
63912,4828,,,
63833,4794,,,
63909,1,,,
63906,1,,,
63919,4837,,,
63823,4792,,,
63828,4792,,,
63908,1800,,,
63908,2606,,,
63828,6,,1,
63920,4838,,,
63923,1579,,1,
60828,1579,,,
63927,4696,,,
63925,4841,,,
63926,4842,,,
63924,4696,,,
63933,6,,,
63928,4827,,,
63923,1627,,,
63929,2333,,,
63923,2606,,,
63628,6,,,
41398,6,,,
63930,2333,,,
63923,441,,,
63923,1800,,,
63932,1579,,1,
63923,1656,,,
63931,4843,,,
63923,1,,,
54,6,,,
63021,2358,,,
63923,76,,,
63923,933,,,
63923,1589,,,
63923,1626,,,
63923,1612,,,
63923,1629,,,
63923,1666,,,
63923,1683,,,
63923,2450,,,
63923,2530,,,
63923,2641,,,
63923,2650,,,
63923,4809,,,
63877,1820,,,
63932,4809,,,
63853,6,,,
63899,6,,,
63825,1579,,,
63932,441,,,
63933,4759,,,
63932,1800,,,
63933,1800,,,
63932,2450,,,
63932,2606,,,
63933,2505,,,
63932,76,,,
63932,933,,,
63932,1589,,,
63932,1612,,,
63932,1626,,,
63932,1629,,,
63932,1656,,,
63932,1683,,,
63932,1666,,,
63932,1731,,,
63932,2641,,,
63932,4793,,,
63933,5,,,
63923,4793,,,
63933,2637,,,
63936,2334,,,
63070,2346,,,
63946,2346,,,
63939,4696,,,
63940,4846,,,
61828,1579,,,
63941,4828,,,
63829,4792,,,
63935,4845,,,
63938,2334,,,
63942,2346,,,
63962,2642,,,
63957,4849,,,
63958,4696,,,
63960,4850,,,
63932,1,,,
63855,4815,,,
63919,4849,,,
63963,4837,,,
63955,4842,,,
63956,4848,,,
63959,4828,,,
63954,4827,,,
63969,4852,,,
63970,4853,,,
63965,4827,,,
63966,4851,,,
63968,4696,,,
63962,1,,,
63978,4328,,,
63979,4859,,1,
63979,4860,,,
63967,4857,,,
63977,4696,,,
63976,4828,,,
63987,2199,,,
60848,2199,,,
63992,4680,1,1,
63993,4869,,1,
377,2088,,,
63993,2088,,,
63979,4870,,,
63983,2199,,,
63994,2199,,,
63980,4827,,,
63981,4863,,,
63967,1,,,
63979,1,,,
63992,4867,,1,
63993,6,,,
63992,4868,,1,
63909,4868,,1,
63984,4863,,,
63985,2199,,,
63986,2199,,,
63988,4696,,,
63989,4858,,,
63991,4852,,,
63992,2358,,1,
63993,1800,,,
63992,6,,,
63993,1460,,,
63999,4836,,,
64000,4836,,,
63996,4836,,,
63997,4836,,,
63998,4836,,,
64001,4836,,,
64002,4836,,,
64009,4801,,,
63992,1,,,
63993,2469,,,
64003,4836,,,
64004,4836,,,
64005,4836,,,
64008,4836,,,
63992,4678,,1,
63837,6,,1,
63995,4696,,,
64011,4836,,,
64019,6,,,
64012,4836,,,
64013,4836,,,
64014,4836,,,
64015,4836,,,
64016,4836,,,
64017,4836,,,
64018,4836,,,
64010,4801,,,
63993,2637,,,
64019,1820,,,
64020,4827,,,
64021,4878,,,
64019,2469,,,
64019,2391,,,
64019,2495,,,
64044,4884,,,
64033,4877,,,
64043,4883,,,
63947,5,,,
63967,4882,,1,
63993,1820,,,
63933,1820,,,
64022,4828,,,
64019,1460,,,
63993,4874,,,
64023,4696,,,
64019,2637,,,
64024,4880,,,
64019,4759,,,
63837,4809,,,
64047,4894,1,1,
64049,4852,,,
64047,4829,,,
64048,4886,,,
64067,1579,,,
64047,4888,,,
64047,4889,1,,
64047,4893,,1,
64066,2475,,,
64065,4892,,,
63155,2358,,1,
790,6,,,
64045,4827,,,
64073,4898,,,
64074,4899,,,
64075,4902,,,
64091,6,,,
64067,1,,,
117,6,,,
64072,4828,,,
64076,4902,,,
64077,4696,,,
64078,4902,,,
64079,4902,,,
64080,4902,,,
64081,4902,,,
64067,441,,,
64070,4827,,,
64090,6,,,
64089,6,,,
64087,6,,,
64047,2358,,,
64090,4906,,,
64047,4909,,,
64082,4902,,,
64083,4902,,,
64084,4902,,,
64085,4567,,,
64087,4902,,,
64089,4905,,,
64100,4649,,,
64103,4828,,,
64102,4696,,,
64091,1460,,,
64091,1,,,
64068,1,,,
64109,4834,,,
64108,4837,,,
64091,4679,1,,
64091,2469,,,
64091,5,,,
64091,933,,,
64091,1094,,,
64091,1590,,,
64091,1602,,,
64091,1802,,,
64091,1820,,,
64091,1888,,,
64091,1988,,,
64091,1981,,,
64091,2155,,,
64091,2013,,,
64091,2203,,,
64091,2338,,,
64091,2285,,,
64091,2391,,,
64091,1986,,,
64091,2461,,,
64091,1651,,,
64091,2488,,,
64091,2494,,,
64091,2495,,,
64091,2505,,,
64091,2513,,,
64091,2503,,,
64091,2517,,,
64091,2566,,,
64091,2573,,,
64091,2634,,,
64091,4765,,,
64091,4869,,,
64096,4914,,,
64105,4918,,,
64091,1800,,,
64106,4919,,,
64098,4852,,,
64099,4917,,,
64093,4910,,,
64095,2475,,,
64110,4920,,,
64111,4920,,,
64112,4920,,,
64113,4920,,,
64116,4922,,,
64118,4926,,,
64119,4926,,,
64117,4924,,,
64047,1,,,
64114,4920,,,
64115,4936,,1,
64068,4759,,,
63992,4759,,,
64120,1,,,
64068,4927,,,
64122,4897,,,
64125,4328,,,
64115,4933,,,
64123,4759,,,
64123,1,,,
64115,4888,,,
64120,4888,,,
64147,2199,,,
64149,2199,,,
64144,4947,,,
64067,4953,,,
64145,4955,,,
64146,4954,,,
64067,4952,,,
64068,4956,,,
64138,4696,,,
64139,4852,,,
64140,4905,,,
64141,4922,,,
64142,4947,,,
64143,4842,,,
63923,4949,,1,
64131,4687,,,
64133,4926,,,
64134,4926,,,
64136,4947,,,
64137,4947,,,
63792,4687,,,
64127,4946,,,
64129,4687,,,
64067,4950,,,
64132,4947,,,
62641,1579,,1,
64126,4827,,,
64147,1579,,,
63751,2334,,,
63752,2334,,,
63721,6,,,
63709,6,,,
63591,6,,,
62316,2334,,,
63078,6,,,
606,6,,,
190,6,,,
129,6,,,
10467,6,,,
121,6,,,
63754,4759,,1,
309,384,,,
463,384,,,
63753,2333,,,
63751,2333,,,
63755,2334,,,
63756,6,,,
394,76,,,
63756,384,,,
63758,2330,,,
63759,76,,,
63759,4759,,1,
63763,4762,,,
63714,4761,,,
63056,2330,,,
63757,2330,,,
489,76,,,
10467,916,,,
63766,2642,,,
78,364,,,
63764,364,,,
63768,4770,1,,
572,4766,,,
63768,4769,,,
63770,2199,,,
63768,4759,,1,
63769,4767,,,
63769,1579,,,
63767,2642,,,
63772,2199,,,
63769,916,,,
63768,916,,,
63448,4759,,,
408,4759,,,
63773,4771,,,
63776,2199,,,
63777,2199,,,
63775,4772,,,
64,4774,,,
530,4776,,,
63774,4776,,,
10,2,,,
63779,2199,,,
63780,2199,,,
63778,2199,,,
200,4779,,,
779,4779,,,
63774,1,,1,
325,76,,,
63768,1,,1,
63756,1651,,,
63789,4780,,,
63790,4780,,,
63781,4780,,,
63782,4780,,,
63783,4780,,,
63784,4780,,,
63785,4780,,,
63786,4780,,,
63787,4780,,,
63788,4780,,,
63628,1607,,,
63756,1607,,,
530,1607,,,
63794,4759,,,
63132,2475,,,
62885,4687,,,
63793,4687,,,
63767,4783,,,
63791,4783,,,
63797,2475,,,
509,364,,,
399,364,,,
63822,2475,,,
63821,4791,,,
63834,4795,,,
63827,1,,,
63835,76,,,
63835,4798,,,
63837,4800,,1,
63837,1651,,,
63837,1460,,,
63837,1,,,
63839,4803,,,
63838,4802,,,
63841,4801,,1,
63842,4804,,,
63837,4760,,,
63843,4806,,,
63846,4808,,,
63845,4807,,,
63851,4812,,,
63852,4812,,,
63853,4812,,,
63847,4810,,,
63848,4811,,,
63849,4812,,,
63850,4812,,,
63863,4816,,,
63857,4815,,,
63858,4816,,,
63859,4817,,,
63860,4818,,,
63861,4818,,,
63862,4818,,,
63866,4815,,,
63868,4815,,,
63857,4818,,,
63869,4822,,,
63870,4823,,,
63868,4818,,,
63874,4818,,,
63873,4818,,,
63871,4818,,,
63875,4816,,,
63865,4820,,,
63876,4816,,,
63877,2469,,,
63879,2642,,,
246,5,,,
463,5,,,
63877,5,,,
63877,1460,,,
63877,1800,,,
63878,4824,,,
63877,2501,,,
63877,2637,,,
9,1,,,
8,1,,,
8,7,,,
8,6,,,
8,8,,,
11,7,,,
23,5,,,
12,7,,,
12,5,,,
13,5,,,
24,5,,,
24,6,,,
25,1,,,
9,7,,,
17,7,,,
25,7,,,
17,1,,,
19,1,,,
26,1,,,
24,1,,,
26,8,,,
27,6,,,
25,9,,,
28,1,,,
22,1,,,
21,1,,,
27,1,,,
27,8,,,
29,1,,,
33,8,,,
25,5,,,
33,1,,,
23,16,,,
34,1,,,
28,5,,,
34,8,,,
31,5,,,
20,1,,,
30,1,,,
18,1,,,
16,1,,,
29,20,,,
30,7,,,
34,24,,,
29,24,,,
36,6,,,
36,25,,,
37,1,,,
19,7,,,
21,7,,,
36,1,,,
36,32,,,
37,8,,,
36,8,,,
38,1,,,
38,49,,,
37,45,,,
29,8,,,
38,57,,,
38,59,,,
38,65,,,
39,8,,,
38,58,,,
31,1,,,
38,66,,,
38,60,,,
36,60,,,
37,61,,,
39,1,,,
38,77,,,
38,85,,,
35,76,,,
35,6,,,
39,93,,,
38,99,,,
37,99,,,
45,7,,,
38,48,,,
45,48,,,
30,6,,,
38,108,,,
38,120,,,
45,120,,,
31,120,,,
33,120,,,
35,120,,,
47,7,,,
50,6,,,
49,130,,,
35,132,,,
35,135,,,
48,11,,,
52,130,,,
46,130,,,
46,120,,,
51,12,,,
35,141,,,
47,140,,,
52,12,,,
52,48,,,
51,48,,,
48,48,,,
47,48,,,
53,76,,,
54,48,,,
56,48,,,
54,7,,,
54,164,,,
54,161,,,
55,152,,,
54,152,,,
55,160,,,
54,160,,,
57,76,,,
54,165,,,
50,172,,,
8,165,,,
55,12,,,
50,11,,,
54,196,,,
52,1,,,
61,6,,,
39,172,,,
54,172,,,
61,211,,,
61,8,,,
60,8,,,
61,7,,,
54,211,,,
54,215,,,
60,205,,,
54,222,,,
60,5,,,
62,5,,,
54,5,,,
54,238,,,
53,1,,,
49,1,,,
60,228,,,
54,235,,,
57,1,,,
54,247,,,
62,6,,,
39,6,,,
44,6,,,
63,48,,,
10,5,,,
38,5,,,
59,48,,,
59,265,,,
10,48,,,
62,48,,,
59,5,,,
38,268,,,
45,268,,,
56,268,,,
63,268,,,
10,7,,,
64,6,,,
10,272,,,
38,272,,,
64,76,,,
41,7,,,
59,7,,,
55,270,,,
59,270,,,
38,281,,,
45,281,,,
56,281,,,
63,281,,,
10,281,,,
38,283,,,
45,283,,,
56,283,,,
63,283,,,
10,286,,,
38,286,,,
45,286,,,
56,286,,,
63,286,,,
16,286,,,
59,286,,,
10,279,,,
59,132,,,
10,290,,,
64,290,,,
64,286,,,
50,286,,,
54,286,,,
8,286,,,
45,287,,,
38,299,,,
38,300,,,
56,301,,,
63,301,,,
10,304,,,
38,304,,,
45,301,,,
38,301,,,
45,304,,,
64,315,,,
10,315,,,
59,14,,,
56,304,,,
63,304,,,
38,310,,,
45,310,,,
56,310,,,
63,310,,,
38,297,,,
38,298,,,
10,292,,,
38,292,,,
45,292,,,
56,292,,,
63,292,,,
38,291,,,
45,291,,,
38,316,,,
38,338,,,
38,339,,,
45,339,,,
56,339,,,
63,339,,,
38,333,,,
10,334,,,
56,335,,,
59,335,,,
38,335,,,
38,336,,,
45,336,,,
56,336,,,
63,336,,,
38,337,,,
56,337,,,
45,337,,,
63,337,,,
10,337,,,
64,335,,,
38,317,,,
45,318,,,
56,318,,,
63,318,,,
38,320,,,
10,320,,,
10,328,,,
38,328,,,
45,328,,,
56,328,,,
63,328,,,
38,327,,,
45,327,,,
56,327,,,
63,327,,,
45,330,,,
67,76,,,
38,331,,,
45,331,,,
67,6,,,
38,330,,,
38,322,,,
45,322,,,
56,322,,,
63,322,,,
10,326,,,
38,326,,,
45,326,,,
56,326,,,
63,326,,,
38,350,,,
45,350,,,
56,350,,,
63,350,,,
10,340,,,
63,340,,,
38,340,,,
45,340,,,
56,340,,,
45,352,,,
56,352,,,
63,352,,,
66,357,,,
38,357,,,
45,357,,,
10,357,,,
38,341,,,
10,344,,,
38,344,,,
45,344,,,
56,344,,,
63,344,,,
38,345,,,
45,345,,,
56,345,,,
63,345,,,
10,343,,,
63,355,,,
10,355,,,
38,355,,,
38,348,,,
45,348,,,
56,348,,,
63,348,,,
38,346,,,
38,353,,,
54,368,,,
67,366,,,
49,366,,,
10,365,,,
45,365,,,
66,361,,,
61,361,,,
63,362,,,
70,7,,,
10,8,,,
41,377,,,
66,377,,,
66,375,,,
21,378,,,
38,378,,,
10,378,,,
65,76,,,
70,375,,,
10,76,,,
66,378,,,
61,1,,,
72,76,,,
72,386,,,
10,386,,,
38,386,,,
45,386,,,
56,386,,,
63,386,,,
54,384,,,
71,384,,,
64,392,,,
73,6,,,
35,364,,,
52,390,,,
72,390,,,
66,390,,,
41,390,,,
70,390,,,
66,7,,,
41,364,,,
71,394,,,
67,395,,,
56,399,,,
63,399,,,
71,5,,,
77,5,,,
45,399,,,
67,8,,,
71,8,,,
44,8,,,
48,8,,,
74,8,,,
73,8,,,
71,400,,,
77,411,,,
77,417,,,
77,76,,,
76,8,,,
77,364,,,
83,8,,,
59,424,,,
60,423,,,
50,426,,,
83,426,,,
84,427,,,
77,427,,,
83,364,,,
39,433,,,
84,433,,,
85,11,,,
65,441,,,
76,444,,,
83,216,,,
39,449,,,
84,449,,,
83,452,,,
87,76,,,
86,6,,,
86,463,,,
86,364,,,
81,364,,,
64,474,,,
82,7,,,
87,473,,,
87,470,,,
86,492,,,
87,492,,,
65,6,,,
87,35,,,
85,492,,,
84,498,,,
87,509,,,
88,6,,,
86,513,,,
83,329,,,
88,508,,,
87,516,,,
86,527,,,
86,519,,,
88,519,,,
88,364,,,
86,521,,,
87,515,,,
86,537,,,
86,533,,,
86,542,,,
91,556,,,
87,557,,,
90,570,,,
88,8,,,
86,8,,,
78,566,,,
90,563,,,
90,569,,,
90,592,,,
77,591,,,
90,591,,,
34,587,,,
90,587,,,
93,7,,,
84,384,,,
94,7,,,
78,607,,,
93,609,,,
93,601,,,
94,624,,,
95,626,,,
95,637,,,
93,638,,,
96,637,,,
93,637,,,
97,7,,,
96,7,,,
93,635,,,
13,441,,,
96,441,,,
97,644,,,
95,650,,,
98,76,,,
103,76,,,
104,76,,,
97,1,,,
96,76,,,
100,76,,,
66,661,,,
65,661,,,
53,5,1,,
97,674,,,
93,5,,,
104,686,,,
94,687,,,
100,687,,,
100,384,,,
100,697,,,
104,697,,,
93,523,,,
100,523,,,
53,699,,,
100,694,,,
103,713,,,
104,713,,,
100,705,,,
104,705,,,
100,1,,,
53,8,,,
83,384,,,
100,712,,,
33,670,,,
91,1,,,
107,1,,,
103,1,,,
109,1,,,
107,727,,,
90,715,,,
107,7,,,
53,7,1,,
103,492,,,
111,5,,,
41,745,,,
98,745,,,
103,741,,,
107,753,,,
110,5,,,
97,736,,,
111,757,,,
103,757,,,
110,755,,,
110,661,,,
107,773,,,
103,768,,,
110,7,,,
111,7,,,
104,778,,,
111,364,,,
110,785,,,
107,781,,,
113,783,,,
114,1,,,
98,1,,,
91,785,,,
88,1,,,
86,1,,,
110,6,,,
115,364,,,
104,813,,,
110,810,,,
112,808,,,
114,76,,,
115,76,,,
97,76,,,
112,76,,,
111,76,,,
90,823,,,
115,384,,,
117,834,,,
113,834,,,
116,76,,,
117,828,,,
117,76,,,
113,659,,,
115,659,,,
120,844,,,
115,844,,,
117,844,,,
117,384,,,
116,6,1,,
115,852,,,
117,855,,,
120,7,,,
117,850,,,
117,859,,,
117,8,,,
117,865,,,
116,865,,,
41,8,,,
117,216,,,
117,894,,,
120,871,,,
107,884,,,
116,867,,,
120,888,,,
117,179,,,
111,179,,,
122,916,,,
117,933,,,
121,933,,,
116,915,,,
120,915,,,
116,933,,,
122,933,,,
96,933,,,
112,939,,,
117,907,,,
120,907,,,
120,952,,,
97,670,,,
122,6,,,
112,981,,,
53,933,,,
120,1008,,,
112,1013,,,
122,1013,,,
120,1013,,,
115,933,,,
121,7,,,
131,7,,,
128,7,,,
127,7,,,
129,7,,,
116,7,,,
120,8,,,
131,8,,,
116,364,1,,
129,933,,,
122,364,,,
123,364,,,
96,364,,,
116,916,,,
123,384,,,
131,441,,,
114,860,,,
131,6,,,
131,916,,,
66,933,,,
134,933,,,
128,933,,,
134,916,,,
104,685,,,
109,916,,,
131,1053,,,
123,1053,,,
134,384,,,
135,8,,,
135,1066,,,
127,1066,1,,
135,916,,,
136,1073,,,
139,933,,,
135,1068,,,
137,933,1,,
132,204,,,
137,204,,,
135,204,,,
41,1084,,,
121,1084,,,
135,1084,,,
132,6,,,
134,1089,,,
121,1091,,,
137,1066,,,
137,1058,,,
134,1058,,,
139,7,,,
132,1094,,,
144,6,,,
144,933,,,
143,933,,,
137,1115,,,
142,1,,1,
137,1,,1,
128,1116,,1,
142,933,,,
143,1,,1,
136,933,,1,
146,1,,,
53,916,,,
144,916,,,
146,916,,,
146,1129,,,
146,8,,,
146,933,,,
122,1131,,,
137,1138,,,
136,1139,,,
149,1140,,,
149,1137,,1,
146,441,,,
149,933,,1,
149,1141,,1,
142,1141,,,
137,1131,,,
145,1131,,,
150,933,,1,
150,1149,,,
143,1148,,,
137,441,,,
150,625,,,
143,1155,,,
150,318,,,
120,318,,,
154,1,,1,
150,1,,,
98,441,1,1,
154,933,,1,
153,1,,1,
149,1163,1,1,
156,1,,,
155,1,,,
154,441,,,
156,933,,,
157,16,,,
157,8,,,
135,860,,1,
156,860,,1,
156,441,,1,
158,7,,,
150,7,,,
158,933,,1,
159,1,,1,
159,933,,1,
158,1170,,,
150,1170,,,
160,1175,,1,
137,185,,,
149,1169,,1,
160,1,,,
157,933,,,
158,1,,,
162,1,,1,
116,1177,,,
154,1167,,,
154,730,,,
162,8,,,
149,1,,,
15,1,,,
164,933,,1,
163,933,,,
155,933,,1,
155,1194,1,,
155,1183,,1,
155,1184,1,1,
155,1185,,1,
155,1186,1,,
155,1188,,1,
155,1195,1,1,
155,1190,,1,
155,1191,1,1,
149,7,1,1,
155,7,,1,
155,1198,,1,
155,1163,1,1,
150,441,,,
158,441,,,
160,384,,,
162,384,,,
163,384,,1,
155,1192,1,1,
67,933,,,
168,1,,,
167,1,,,
164,1177,,,
168,15,,,
167,15,,,
155,15,,,
164,15,,,
167,1177,1,1,
167,8,,,
163,8,,,
167,1175,1,1,
162,1175,,,
163,1175,,,
167,1203,,1,
169,933,,1,
170,933,,,
170,1216,,,
155,1216,,,
164,1209,,,
149,1207,1,,
167,1225,,,
148,1,1,1,
168,933,,,
167,1219,,,
171,933,,,
171,1,,,
170,1185,,1,
169,1177,,,
170,1141,,1,
171,1227,,,
171,1226,,,
167,1227,,,
167,1226,,,
167,1228,,,
169,1,,1,
169,441,,,
168,7,,,
170,1,,,
164,1,,,
170,1233,,1,
170,1234,,1,
170,1229,,,
170,1230,,1,
170,1237,1,1,
167,1241,,,
157,1235,,,
157,1145,,,
155,444,,,
41,1247,,,
167,1247,,,
155,1249,,1,
170,384,,,
116,1247,,,
148,384,,,
41,441,,,
66,441,,,
167,1254,,,
147,1,,1,
114,916,,,
136,1253,,,
147,384,,,
171,332,,,
171,524,,,
167,524,,,
173,933,,,
171,1068,,,
136,1265,1,,
171,1257,,,
174,933,,1,
173,332,,,
169,916,1,1,
173,8,,,
174,1,,1,
136,1,,,
129,1,,1,
147,1247,,,
169,1066,,1,
173,1279,,,
174,1066,,,
116,1,,,
173,1280,,,
136,1267,,,
175,933,,,
148,441,,,
177,441,,,
135,441,,,
178,916,,,
176,6,,,
177,933,,1,
176,933,,,
177,1295,,,
173,1299,1,,
173,1,,,
177,1306,,1,
173,1308,,,
177,916,,,
175,916,,,
168,441,,,
178,1317,1,1,
175,1257,,,
175,1313,,,
174,332,,,
173,679,,,
173,1316,,,
178,933,,1,
173,1261,,,
151,1,1,1,
179,1,,,
178,1184,,,
151,1184,,,
135,1,,,
178,7,,1,
159,441,1,1,
171,1325,,,
179,384,,,
151,384,,,
178,1326,,1,
173,1335,,,
171,1337,,,
179,7,1,1,
173,1265,,,
179,933,,1,
179,441,,,
175,384,,,
174,384,,,
173,1338,,,
177,1,,,
180,1,,,
180,441,,,
173,1345,,1,
173,1250,,,
151,1272,,,
175,1,,,
179,1355,,,
182,1344,,,
180,1362,,,
175,1362,,,
183,933,,1,
182,1145,,,
167,76,,,
151,76,,,
174,76,,,
174,1360,1,,
151,916,,,
174,1367,,,
184,1367,,,
183,76,,,
184,76,,,
179,1369,,,
181,1,,,
170,1317,,1,
184,933,1,,
146,204,,,
182,204,,,
184,332,,,
182,933,,,
112,933,,,
94,933,,,
184,647,,,
120,1002,,,
181,1382,,,
184,1381,,,
180,1380,,,
184,1383,,,
127,933,,1,
180,1381,,,
127,1,1,1,
184,1380,,,
180,1388,,,
186,272,,,
186,1,,,
180,1324,,,
186,384,,,
184,1251,,,
184,1291,,,
187,1389,,,
120,1389,,,
36,933,,,
186,1398,,,
189,1317,,1,
155,1317,,,
149,1317,,,
120,972,,,
182,972,,,
184,1377,,,
127,1377,,,
189,1410,1,,
184,1419,,,
187,1282,,,
190,1,,1,
173,1425,,,
189,1185,,1,
189,1421,,1,
190,1399,,,
149,1198,,,
188,1419,,,
127,1419,,,
97,1422,,,
188,1381,,,
190,1381,,,
184,1435,,,
183,1435,,,
71,933,,,
190,933,,,
127,1428,,,
170,1191,1,,
192,1191,,1,
189,1437,1,,
187,844,,,
187,1450,,,
173,1228,,,
192,1317,1,1,
186,329,,,
104,329,,,
192,933,,1,
127,1365,,,
127,1379,,,
185,1406,,,
192,1441,1,,
192,1230,,1,
192,1442,,,
120,1449,,,
187,1449,,,
192,1443,1,,
192,1438,,1,
192,1440,,1,
192,1456,,,
149,1456,,1,
155,1456,,1,
192,642,,,
197,1460,,,
170,1456,,,
189,1456,,1,
180,933,,,
196,933,,1,
195,933,,1,
200,933,,,
197,1,,1,
197,1381,,,
192,1471,,1,
199,933,,,
130,1470,,,
155,1471,,1,
91,1471,,,
196,441,,1,
188,441,,,
149,1471,,1,
170,1471,,1,
178,1191,,,
195,441,,,
155,1469,,,
187,647,,,
177,274,,,
202,902,,,
186,1444,,,
202,332,,,
197,1306,,,
197,1365,,,
190,1365,,,
197,524,,,
199,524,,,
197,1421,,,
202,1402,,,
202,1486,,,
197,1278,,,
202,1489,1,,
197,1470,,,
54,1476,,,
197,1476,,,
198,1,,1,
202,1,,,
202,933,,,
186,1191,,,
197,1477,,,
186,826,,,
197,826,,,
187,1411,,,
178,1468,,,
202,1354,,,
120,1354,,,
202,1510,,,
192,6,,,
202,1497,,,
186,1322,,,
197,1380,,,
186,1149,,,
202,1411,,,
197,1358,,,
202,1179,,,
159,384,,1,
186,1328,,,
197,1461,,,
145,1,,1,
120,1503,,,
202,1269,,,
202,1270,,,
202,1466,,,
198,6,,,
202,199,,,
41,933,,,
202,1520,,,
202,1251,,,
197,1296,,,
192,1437,,,
54,199,,,
197,199,,,
170,1511,,,
155,1511,,,
149,1511,,,
192,1511,,,
203,1443,1,1,
192,1515,1,,
203,1191,1,1,
203,642,,1,
120,1171,,,
202,1171,,,
200,1171,,,
203,1436,,1,
202,1318,,,
197,1251,,,
61,933,,,
189,1191,,,
97,1191,,1,
13,1191,,1,
203,1545,1,,
16,1191,,1,
21,1191,,1,
190,1191,,,
202,860,,1,
202,1261,,,
202,1419,,,
203,7,,,
203,1511,,,
120,1530,,,
202,1530,,,
202,1286,,,
149,1563,,,
203,1563,1,,
202,1556,,,
155,1550,,,
149,1550,,,
203,1550,,,
170,1550,,,
192,1550,,1,
149,1564,1,1,
203,1471,,1,
174,1469,,,
206,1565,1,,
206,1460,,,
206,1566,,,
202,647,,,
204,318,,,
202,318,,,
202,844,,,
203,1184,,1,
149,1184,,1,
170,1184,,1,
192,1184,,1,
206,441,,,
202,1343,,,
203,1567,1,1,
203,1570,1,1,
149,1568,,1,
189,1184,,1,
97,1184,,1,
203,1564,1,1,
133,1569,,,
170,1564,1,,
177,1573,,,
204,1573,,,
209,1573,,,
192,1564,,,
203,1480,,,
202,1480,,,
203,1163,,,
170,1163,,,
152,1,,1,
192,1575,,1,
203,1575,,1,
149,1575,,1,
155,1575,,1,
170,1575,,1,
208,318,,,
208,728,,,
173,728,,,
203,1576,,1,
209,933,1,,
199,1,,,
175,1420,,,
208,826,,,
201,647,,,
152,647,,,
208,1378,,,
152,8,,,
198,8,,,
148,8,,,
212,933,,,
212,8,,,
212,1,,1,
214,1578,1,1,
203,1579,,,
177,7,,,
212,7,,1,
168,1579,,,
211,384,,,
214,933,,1,
203,916,,,
218,1,,,
216,933,,,
213,826,,,
215,933,,,
211,933,,1,
33,933,,,
213,774,,,
210,774,,,
214,1191,,1,
171,7,,,
196,1557,,,
168,384,,,
218,933,,,
149,1584,1,1,
203,1584,,1,
155,1584,,1,
170,1584,,1,
192,1584,,1,
189,1584,,1,
140,6,,,
41,1579,,,
116,1579,,,
224,933,,,
13,933,,,
222,933,,,
223,933,,,
98,1579,,,
30,1579,,,
219,1,,,
201,1,,,
221,384,,,
222,1586,,,
203,1,,,
192,1,,,
226,1589,,,
192,1563,,,
216,826,,,
216,428,,,
225,1583,,,
226,1,,,
221,1,,1,
197,1579,,,
144,1579,1,1,
216,1310,,,
117,1590,,,
117,1593,,,
225,6,,,
222,1,,,
221,15,,,
216,711,,,
226,8,,,
226,933,,1,
228,1565,,,
212,6,,,
205,8,,,
228,1599,,,
67,1599,,,
117,1599,,,
228,384,,,
229,6,,,
49,933,,1,
228,933,,,
86,933,,,
232,1,,,
221,647,,,
222,1594,,,
233,1,,,
230,933,,1,
234,76,,,
229,76,,,
234,1,,,
117,1601,,,
117,1602,,,
229,916,,,
76,916,,,
235,933,,,
189,933,,,
229,1,,,
242,1,,,
196,1,,,
238,1,,,
236,933,1,1,
238,933,,,
195,1604,,,
239,1,,,
195,1,,,
232,1599,,,
241,1,,,
236,6,,,
239,933,,,
48,933,,,
243,933,,1,
23,933,,,
242,933,,,
238,1606,,1,
242,5,,,
125,5,,,
245,1607,,,
245,933,,,
241,1610,,,
245,384,,1,
236,1,,,
235,1222,,,
236,1222,,,
89,933,,,
81,933,,1,
237,5,,,
31,1579,1,1,
247,5,,,
237,76,,,
236,1579,1,1,
249,441,,,
91,1579,,1,
244,5,1,,
244,933,,,
249,933,,1,
246,933,,1,
252,933,,1,
244,1579,1,,
246,1579,,,
246,76,,,
249,76,,,
31,76,,,
242,311,,1,
239,311,,,
247,76,,,
246,15,,,
202,883,,,
247,1613,,,
254,933,,,
222,1614,,,
89,375,,,
202,1620,,,
247,1620,,,
255,384,,,
255,1621,,,
223,1621,,,
223,1622,1,,
256,933,,,
255,933,,,
257,5,,,
256,5,,,
257,933,,1,
260,1,,,
241,76,,,
260,1626,,,
260,5,,,
258,76,,,
263,5,,,
212,1579,,1,
213,1599,,,
261,5,,,
258,933,,1,
258,15,,,
66,1579,1,,
247,1145,,,
262,933,,1,
260,933,,,
263,933,,,
263,76,,,
144,76,,,
270,1631,,,
270,1632,,,
117,1632,,,
270,76,,,
267,76,,,
251,76,,,
252,1599,,1,
270,1,,1,
270,1634,,,
117,1634,,,
221,1634,,,
261,76,,,
272,933,,1,
228,226,,,
261,1,,,
272,1,,,
263,1627,,,
224,1627,,,
272,1627,,1,
270,1627,,,
252,1627,,,
275,1579,,1,
275,1636,,1,
81,1579,,,
38,1579,,,
271,933,,,
274,933,,1,
275,76,,,
263,1637,,,
270,1579,,,
272,76,,,
243,76,,,
276,933,,,
271,6,,1,
269,76,,,
277,1643,,,
257,501,,,
192,1648,,,
269,1651,,,
83,1651,,,
96,1651,,,
276,76,,,
203,1650,,,
149,1436,,,
82,1651,,,
270,1651,,,
203,1652,,1,
66,1651,,,
236,1651,,,
280,1163,1,1,
280,1648,1,1,
280,1,,,
279,1,,1,
271,1,,,
155,1436,,,
277,441,,,
263,1636,,,
270,1653,,,
280,642,,,
280,1191,,,
277,1191,,,
280,1579,,,
271,1579,,,
277,1,,,
262,5,,,
277,5,,,
283,5,,,
279,933,,1,
284,76,,,
282,933,,1,
281,933,,,
281,1627,,1,
274,5,,,
288,1579,,,
288,76,,,
288,933,,1,
290,76,,,
290,1659,,,
291,1579,1,1,
279,1579,1,1,
291,933,,,
293,933,,,
297,933,,,
294,6,,,
222,1664,,,
297,1664,,,
294,311,,,
297,1666,,,
228,1579,,1,
294,933,,,
294,711,,,
294,76,,,
294,1133,,,
290,933,,,
284,1661,,,
296,76,,,
298,76,,,
283,76,,,
82,933,,,
301,933,,1,
170,1674,,1,
283,1674,,,
283,1676,,,
155,1674,,1,
149,1674,,,
192,1674,,1,
300,933,,,
302,7,,1,
302,76,,,
289,76,,,
302,1191,,1,
301,76,,,
302,1679,,,
302,1443,1,,
53,1680,,,
283,1672,,,
283,1191,,1,
302,1648,,1,
302,1141,,1,
302,1678,,1,
290,441,1,1,
308,1608,,,
307,933,,,
301,1682,,,
307,1683,,1,
308,5,,,
308,1684,,,
289,5,,,
302,5,,,
235,5,,,
283,1686,,,
302,1686,,,
303,933,,,
245,5,,,
312,5,,,
113,171,,,
284,171,,,
275,1,,,
284,1691,,,
277,1691,,,
303,5,,,
246,1690,,,
308,1651,,,
301,1693,,1,
243,1694,,,
301,1694,,,
246,1694,,,
282,1694,,,
258,1694,,,
311,933,,,
282,1689,,,
312,933,,,
72,1695,,,
56,1695,,,
302,1184,,,
318,5,,,
319,5,,,
314,7,,,
277,1698,,1,
320,1701,,,
314,5,,,
319,1699,1,,
319,1700,,1,
275,1700,,1,
321,76,,,
10,1695,,,
321,6,1,1,
318,933,,,
319,1705,,1,
330,1706,,,
321,1704,,,
197,1704,,,
322,1704,,,
322,1709,,,
312,711,,,
304,6,,,
239,1020,,,
321,1703,,,
312,1020,,,
336,1699,1,1,
321,1717,,,
331,1687,,,
319,1697,,1,
319,1711,,1,
322,933,,,
304,933,,,
336,933,,,
283,1714,,,
331,1710,,,
321,1710,,,
312,1710,,,
202,1710,,,
283,1184,1,1,
283,1163,,1,
319,1712,,1,
322,6,,,
332,1718,,1,
337,1628,,1,
338,1726,,1,
319,1726,,1,
339,7,,,
340,7,,,
338,7,,,
336,364,,,
283,1563,,,
338,1725,,1,
332,1705,,,
283,1230,,1,
338,933,,,
332,933,,,
338,1708,,1,
283,642,,,
336,1719,,1,
337,1719,,,
337,1728,,1,
336,1728,,1,
337,384,,,
332,1723,,1,
338,1724,,1,
319,1708,,1,
275,1708,,1,
338,76,,,
329,384,,,
272,1726,,,
337,76,,,
339,1729,,,
329,76,,,
309,5,,,
337,5,,,
338,5,,,
309,933,,1,
340,933,,,
331,5,,,
70,933,,,
337,1726,,,
283,1732,,1,
249,1731,,,
306,1628,,,
306,933,,,
346,384,,,
338,1734,,,
348,1636,,1,
345,1720,,,
326,933,,,
328,933,,,
347,1,1,1,
328,1,,,
348,1736,,,
348,1,,,
348,1708,,,
345,933,,,
348,1734,,1,
305,1,,,
348,1738,,,
346,1,,,
319,1736,,,
338,1736,,,
349,1705,,,
271,1705,,,
348,1740,,1,
319,1740,,1,
306,1647,,,
348,1737,,1,
350,1746,,,
350,1747,,,
350,1745,,,
155,1169,,,
350,1751,,1,
350,1749,,1,
306,1009,,,
351,933,,,
322,1628,,,
336,1628,,1,
301,384,,,
346,867,,,
342,1628,,1,
305,311,,,
306,311,,,
351,1754,,,
352,384,,,
350,5,,,
296,1753,,,
349,1753,,,
348,1756,,1,
348,1757,1,,
275,1757,1,1,
356,1705,,1,
356,1636,,1,
352,1628,,1,
344,1628,,1,
236,1628,,,
356,1758,,,
355,5,,,
356,5,,,
356,1738,,1,
358,5,,,
236,5,,,
353,5,,,
352,1763,,1,
310,933,,,
355,1628,,1,
350,1697,,,
353,933,,,
355,1762,,,
356,1764,,,
356,1751,,1,
361,1705,,,
348,5,,,
357,933,,,
359,933,,,
310,1682,,,
362,14,,,
362,76,,,
361,76,,,
346,1200,,,
365,1191,,1,
178,1770,,,
365,1770,,,
363,1628,,1,
365,1563,,,
365,76,,,
365,7,,,
283,7,,,
362,1763,,,
359,364,,,
357,736,,,
310,1690,,,
365,1184,,1,
362,1728,,,
361,311,,,
359,736,,,
365,1769,,,
359,6,,,
363,1719,,1,
109,1719,,,
359,5,,,
361,1636,,,
355,1636,,,
356,441,,1,
363,1763,,,
364,6,,,
365,1677,,,
365,1169,,,
359,441,,,
365,1679,,,
365,1772,,1,
283,1772,,,
203,1772,,,
192,1772,,,
170,1772,,,
262,1771,,,
28,1771,,,
365,1773,,,
364,1,,,
155,1772,,,
149,1772,,,
30,1772,,1,
302,1772,,,
189,1772,,,
178,1772,,1,
280,1772,,,
371,1724,,1,
364,76,,,
365,1775,,1,
371,1776,,,
362,1628,,1,
371,5,,,
371,1758,,,
371,1777,,,
371,1778,,,
307,5,,,
365,5,,,
139,5,,,
371,1751,,,
366,933,,1,
365,1780,1,,
192,1780,,1,
149,1780,,1,
155,1780,,1,
170,1780,,1,
203,1780,1,1,
371,1734,,,
283,1780,1,1,
277,1781,,,
363,1728,,,
374,1,,,
371,1579,,,
365,1779,,1,
192,1779,,1,
374,1613,,,
371,1712,,,
374,1706,,1,
374,5,,,
363,5,,,
377,1628,,,
378,1782,,1,
368,5,,,
379,1,,,
376,1,,,
378,1728,,,
375,1613,,,
375,1682,,,
375,1754,,,
377,1590,,,
377,384,,,
377,1602,,,
377,1607,,,
378,1726,,,
378,1763,,,
378,1784,1,,
377,5,,,
375,76,,,
376,1728,,1,
280,1780,1,1,
97,1780,1,1,
178,1780,,1,
189,1780,1,1,
376,1788,,,
375,1579,,,
377,1579,,,
376,1782,,,
149,1714,,,
371,1705,,,
149,1790,1,1,
365,1790,,1,
379,1613,,,
379,1704,,,
379,1717,,,
379,1709,,,
380,76,,,
382,1709,,,
382,76,,,
325,384,,,
378,1628,,1,
325,1628,,,
377,1715,,,
380,1782,,,
325,12,,,
325,6,,,
325,7,,,
370,1,,,
375,933,,,
325,933,,1,
364,1704,,,
380,1728,,,
371,1756,,,
360,1628,,,
377,1191,,1,
325,441,,1,
360,933,1,,
382,1612,,,
360,5,,,
325,5,,,
360,441,,,
306,1796,,,
301,1796,,,
360,1579,,1,
386,1579,,,
360,7,,,
386,1590,,,
386,384,,,
386,1601,,,
360,130,,,
360,384,,,
325,1579,,,
386,5,,,
320,1684,,,
380,933,,,
377,76,,,
386,76,,,
375,441,,,
305,1579,,,
360,1,1,,
386,933,,,
392,5,,,
320,1,,,
386,1,,,
325,1,,,
359,670,,,
392,6,,,
396,76,,,
396,1,,1,
381,1656,,,
392,1704,,,
381,441,,,
381,1666,,,
395,76,,,
381,933,,,
228,76,,,
47,76,,,
381,76,,,
392,76,,,
386,1602,,,
395,1651,,,
396,6,,,
365,1800,,,
382,1800,,,
381,1800,,,
302,1800,,,
396,1613,,,
396,1717,,,
396,1704,,,
392,1,,,
403,76,,,
404,933,,1,
403,933,,1,
407,1734,,,
407,1803,,,
407,5,,,
404,1706,,,
407,1751,,,
390,933,,,
390,1807,,,
403,1579,,,
410,1802,,,
410,1808,,,
410,1809,,,
403,441,,,
408,441,,,
398,933,,1,
399,933,,,
410,1814,1,,
408,1628,,,
405,5,,,
390,1682,,,
371,1746,,,
371,1636,,,
329,1684,,,
390,1613,,,
410,1651,,,
410,76,,,
390,76,,,
390,7,,,
410,384,,1,
390,441,,,
410,1800,,,
41,1,,,
398,5,,,
406,1817,,1,
411,1613,,,
411,1717,,,
411,6,,,
406,1815,1,1,
14,1800,,,
406,1818,1,,
406,1819,,,
291,364,,,
406,1804,,1,
390,1796,,,
378,1768,,,
277,1820,,,
410,1709,,,
406,1822,,,
406,1706,,,
390,1812,,,
406,76,,,
411,76,,,
302,1830,1,1,
302,1831,,1,
302,1436,,,
410,1191,,,
302,1230,,1,
302,1825,,1,
302,1826,,,
302,1827,,,
302,1654,,1,
302,1828,,1,
192,1828,,,
302,1790,,1,
302,1652,,,
302,1829,,1,
302,1794,,,
406,1758,,,
302,1780,,1,
406,441,1,1,
417,1,,,
291,1,,,
412,1,,,
377,1,,,
412,1769,,,
308,1,,,
412,1833,,,
302,1674,,,
302,1832,,,
302,1839,,,
410,1,,,
412,1714,,,
412,1648,,,
412,1650,,,
412,1672,,,
412,642,,,
406,1837,1,,
412,1831,,1,
155,1831,,1,
192,1831,,1,
170,1831,,1,
203,1831,,1,
283,1831,,1,
283,1800,,,
302,1834,,,
412,1671,1,1,
302,1838,,,
98,1836,,,
363,1836,,,
302,1575,,,
416,1,,,
417,1590,,,
417,384,,,
417,1802,,,
400,5,,,
417,5,,,
414,441,,,
302,1844,,,
383,5,,,
383,1800,,,
419,1843,,,
411,1619,,,
417,8,,,
419,1613,,,
419,1717,,,
383,1717,,,
380,1784,,,
376,1784,,,
417,1837,,,
419,5,,,
421,1,,,
422,1191,1,,
400,1684,,,
422,1654,,,
422,1230,,1,
421,5,,,
422,1822,,,
422,1671,,,
422,1800,,,
422,1829,1,1,
422,1674,1,1,
419,1849,,,
421,1590,,,
421,1802,,,
422,5,,,
421,1809,,,
406,1191,,,
412,1191,,,
421,384,,1,
410,1149,,,
354,1579,,,
354,441,,,
425,441,,1,
425,5,,,
424,6,,,
354,1613,,,
354,1812,,,
354,933,,1,
422,1775,1,1,
422,1853,,,
354,7,,,
426,933,,,
400,933,,,
412,933,,,
410,933,,,
426,5,,,
425,1804,,,
425,1818,,,
426,1800,,,
417,1800,,,
427,933,,,
421,1800,,,
425,1815,,,
427,1613,,,
394,736,,,
394,6,,,
394,377,,,
422,1824,,1,
394,12,,,
394,933,,1,
377,417,,,
413,444,,,
365,444,,1,
394,5,,,
429,1800,,,
429,76,,,
429,1809,,,
432,933,,,
354,1800,,,
201,1858,,,
394,441,,,
435,6,,,
432,1684,,,
288,1472,,,
422,933,,,
438,1800,,,
288,1191,,,
439,6,,,
438,1769,,,
438,1579,,,
433,1579,,,
438,1191,,1,
383,6,,,
438,1674,,,
438,1829,,1,
438,1863,1,1,
439,1704,,,
440,76,,,
439,76,,,
438,642,1,1,
440,1579,,,
441,1613,,,
438,1824,1,1,
356,1869,,,
443,1590,,,
443,1601,,,
443,1607,,,
442,1613,,,
442,1717,,,
442,1843,,,
443,1809,,,
442,6,,,
443,1579,,,
444,1133,,,
441,1149,,,
444,1613,,,
445,1590,,,
445,384,,,
445,1601,,,
445,1607,,,
438,1880,,,
438,1876,,,
155,1879,,,
147,933,,,
438,1877,1,,
203,1879,,,
449,441,,,
354,1796,,,
445,1809,,,
449,1133,,,
416,1706,,,
448,6,,,
449,1706,,,
445,5,,,
449,1868,,,
434,1868,,,
181,1885,,,
449,933,,1,
448,1868,,,
438,1779,,1,
438,1867,,,
422,1867,,,
451,6,,,
451,670,,,
451,12,,,
452,1888,,,
451,130,,,
451,384,,,
438,1234,,1,
422,1890,,1,
405,1891,,,
452,1590,,,
452,384,,,
452,1579,,,
445,13,,,
340,13,,,
429,13,,,
453,6,,,
452,1853,,,
453,1613,,,
453,1717,,,
453,1843,,,
453,1875,,,
453,76,,1,
383,76,,1,
441,417,,,
438,1714,,,
189,1775,,,
454,76,,,
451,5,,,
438,1679,,,
460,1590,,,
460,384,,,
460,1601,,,
460,1607,,,
460,1800,,,
460,76,,,
452,76,,,
421,76,,,
445,76,,,
460,5,,,
459,6,,,
459,1843,,,
466,933,,,
465,1868,,,
464,1868,,,
458,1868,,,
466,1868,,1,
465,1824,,1,
465,1686,,,
465,1234,1,1,
461,441,,,
466,5,,,
465,1191,,,
406,1901,,1,
464,1612,,,
464,6,,,
464,1613,,,
464,1717,,,
464,1843,,,
464,1875,,,
465,1648,,,
465,1650,,,
465,1672,,,
465,1904,,,
465,1905,,1,
203,1882,,,
283,1882,,,
365,1882,,,
422,1882,,,
438,1882,,,
465,1882,,,
149,1882,,,
192,1882,,,
170,1882,,1,
469,933,,,
409,1897,,,
393,1897,,,
293,1897,,,
256,1897,,,
465,1800,,1,
469,1613,,,
469,1875,,,
464,76,,,
448,76,,,
417,76,,,
469,441,,,
463,1579,,,
463,1812,,,
463,1807,,,
463,1613,,,
469,5,,,
463,7,,,
470,5,,,
470,1590,,,
470,1601,,,
470,1607,,,
463,441,,,
422,1907,,,
468,6,,,
149,444,,1,
468,1613,,,
468,1717,,,
468,1843,,,
468,1875,,,
149,1915,,,
451,1,,,
475,1,,,
462,1,1,,
463,522,,,
283,1824,,,
476,1,,,
471,1916,,,
475,6,,,
475,1613,,,
475,1717,,,
475,1875,,,
475,1843,,,
475,1921,,,
476,1628,,1,
470,1,,,
473,5,,,
477,933,,,
465,444,,1,
477,5,,,
422,1879,,,
465,1928,,,
478,1,1,1,
478,1875,,,
478,6,,,
480,1929,,,
478,1932,,,
475,1932,,,
461,1932,,,
283,1879,,,
483,1933,,1,
483,6,,,
467,76,,,
485,6,,,
488,384,,,
485,1933,,,
485,1613,,,
485,1717,,,
485,1875,,,
485,1843,,,
485,1921,,,
484,441,,,
488,5,,,
489,375,,,
490,6,,,
490,1849,,1,
212,1948,,,
490,76,,,
488,76,,,
475,76,,,
470,76,,,
407,1756,,,
491,6,,,
488,1179,,,
491,1933,,,
490,1933,,,
492,1933,,,
495,1651,,,
492,6,,,
495,1,,,
496,1957,1,,
497,1959,,,
496,1,,,
492,1704,,,
491,1704,,,
494,6,,,
492,1921,,,
494,1921,,,
496,1960,,,
494,1179,,,
498,1933,,,
498,6,,,
492,1179,,,
471,441,,,
501,1933,,,
504,1800,,,
508,375,,,
504,1966,,,
504,384,,,
504,1590,,,
504,1601,,,
504,1607,,,
504,1820,,,
504,1888,,,
501,1613,,,
501,1843,,,
501,1875,,,
505,1,,,
501,6,,,
509,1868,,,
505,933,,,
506,1970,,,
443,1602,,,
495,1602,,,
488,1602,,,
501,76,,,
494,76,,,
338,6,,,
504,5,,,
510,1858,,,
382,1791,,,
513,1933,,,
504,1602,,,
513,6,,,
516,933,,,
506,933,,,
510,1964,,,
513,1613,,,
513,1717,,,
513,1875,,,
509,249,,,
518,1590,,,
518,1601,,,
518,1607,,,
518,1820,,,
518,1888,,,
518,5,,,
517,1,,,
520,1613,,,
520,1717,,,
520,1843,,,
520,1875,,,
520,6,,,
520,1709,,,
518,1602,,,
356,1975,,,
275,1975,,,
523,1613,,,
523,1717,,,
523,249,,,
524,384,,,
524,1590,,,
524,1601,,,
524,1607,,,
524,1820,,,
524,1888,,,
523,6,,,
523,1933,,,
524,1978,,,
528,6,,,
528,1613,,,
528,1717,,,
528,1843,,,
528,1875,,,
528,249,,,
530,1983,,,
530,1590,,,
530,384,,,
530,1820,,,
530,1888,,,
530,1981,,,
530,1986,,,
531,1933,,,
531,6,,,
527,1868,,,
529,441,,,
529,384,,,
524,1602,,,
535,1613,,,
535,1717,,,
535,1843,,,
535,1875,,,
535,6,,,
530,2001,,,
530,2010,,,
117,2014,,,
530,2014,,,
530,1800,,,
530,2013,,,
530,2007,,,
117,2007,,,
530,2025,,,
531,249,,,
535,249,,,
540,933,,,
539,441,,,
542,6,,,
530,2041,,,
542,249,,,
443,249,,,
537,249,,,
530,2052,,,
530,2053,,,
117,2053,,,
541,1742,,,
541,1771,,,
541,1973,,,
541,1868,,,
541,7,,,
541,1628,,,
541,1,,,
530,2058,,,
541,130,,,
541,1066,,,
541,1615,,,
541,1623,,,
541,1627,,,
541,1730,,,
541,1779,,,
541,1804,,,
541,1854,,,
541,1876,,,
541,1964,,,
541,1977,,,
541,1856,,,
541,6,,,
541,441,,,
542,1933,,,
535,1933,,,
405,6,,,
541,5,,,
546,6,,,
546,1613,,,
546,1843,,,
546,1875,,,
545,375,,,
541,375,,,
546,1933,,,
533,1709,,,
541,1222,,,
530,5,,,
530,1602,,,
530,76,,,
502,1,,,
463,1,,,
444,1,,,
541,1579,1,1,
311,1579,,,
546,249,,,
551,6,,,
553,6,,,
545,6,,,
543,6,,,
507,6,,,
147,6,,,
539,6,,,
127,6,,,
177,6,,,
553,2114,,1,
554,6,,,
296,6,,,
538,6,,,
554,2118,,,
546,1921,,,
543,384,,,
546,76,,,
117,2125,,,
530,2125,,,
535,933,,,
546,933,,,
541,76,,,
365,2130,,,
302,2130,,,
541,1705,,,
557,2097,,,
557,5,,,
557,1820,,,
557,1981,,,
557,1986,,,
557,1988,,,
557,1651,,,
530,2136,,,
558,6,,,
558,933,,,
530,2109,,,
558,76,,,
557,76,,,
524,76,,,
531,76,,,
523,76,,,
558,1933,,,
559,1933,,,
527,2138,,,
558,249,,,
559,1843,,,
559,6,,,
542,76,,,
560,2145,,,
560,6,,,
354,2143,,,
565,441,,,
541,1598,,,
562,2146,,,
566,1094,,,
541,1273,,,
560,249,,,
559,249,,,
562,6,,,
566,384,,,
566,1590,,,
566,1981,,,
566,1988,,,
566,1651,,,
562,1875,,,
566,2097,,,
562,1933,,,
566,1809,,,
562,249,,,
568,2148,,,
568,6,,,
568,1933,,,
530,2155,,,
562,2157,,,
558,2157,,,
568,2159,,,
568,249,,,
569,2164,,,
568,2146,,,
530,2161,,,
564,441,,,
566,5,,,
560,76,,,
569,76,,,
572,1983,,,
570,6,,,
570,2169,,,
572,1875,,,
570,1613,,,
570,1717,,,
570,1843,,,
570,1875,,,
570,2145,,,
570,2164,,,
572,1613,,,
571,441,,,
574,1613,,,
574,1717,,,
574,1843,,,
574,1875,,,
574,2164,,,
574,6,,,
576,1651,,,
576,1978,,,
576,1800,,,
576,5,,,
576,384,,,
576,1590,,,
576,1607,,,
576,1820,,,
576,1888,,,
576,1981,,,
576,1986,,,
576,1988,,,
576,2155,,,
577,1933,,,
577,1613,,,
577,1717,,,
577,1875,,,
577,2164,,,
577,6,,,
578,6,,,
574,2187,,,
578,1933,,,
566,1888,,,
557,1888,,,
579,2192,,,
576,2097,,,
578,249,,,
577,249,,,
576,2190,,,
579,6,,,
579,1933,,,
566,1986,,,
580,441,,,
560,2197,,,
579,2187,,,
584,6,,,
585,384,,,
557,384,,,
548,384,,1,
553,384,,,
585,1800,,,
586,384,,,
545,384,,,
530,2203,,,
585,1978,,,
584,1933,,,
584,384,,,
585,1651,,,
587,6,,,
587,2187,,,
584,2187,,,
477,2202,,,
585,5,,,
584,2204,,,
574,2204,,,
579,2204,,,
579,249,,,
584,249,,,
587,249,,,
586,375,,,
588,6,,,
587,1933,,,
588,1933,,,
569,249,,,
570,249,,,
574,249,,,
588,249,,,
588,5,,,
536,5,,,
519,5,,1,
587,1843,,,
531,5,,,
534,5,,,
588,2187,,,
585,1888,,,
589,6,,,
590,6,,,
590,2187,,,
590,1933,,,
589,1933,,,
590,1921,,,
530,2222,,,
602,2204,,,
590,2204,,,
602,6,,,
596,916,,,
593,916,,,
606,375,,,
608,2229,,,
608,916,,1,
605,916,,,
608,1590,,,
608,1820,,,
608,1981,,,
608,1988,,,
608,2180,,,
608,2190,,,
608,2203,,,
130,916,,,
484,916,,,
530,916,,,
585,916,,,
608,5,,,
608,1978,,,
609,6,,,
608,1800,,,
609,1613,,,
609,1717,,,
609,2145,,,
609,2192,,,
300,2239,,,
222,2240,,,
608,1986,,,
609,1933,,,
603,1933,,,
589,249,,,
590,249,,,
603,249,,,
607,6,,,
609,249,,,
610,6,,,
611,1613,,,
611,1717,,,
611,1875,,,
611,2145,,,
611,2164,,,
611,2192,,,
611,6,,,
612,1651,,,
611,2256,,,
612,1978,,,
611,2259,,,
613,6,,,
613,1875,,,
610,249,,,
611,249,,,
613,249,,,
613,2187,,,
613,1933,,,
618,6,,,
618,2187,,,
618,249,,,
619,1978,,,
619,1800,,,
612,2097,,,
619,2097,,,
619,2229,,,
619,2269,,,
618,2197,,,
608,2270,,,
619,2271,,,
613,2278,,,
612,5,,,
619,916,,,
618,1933,,,
632,916,,,
638,2187,,,
638,1704,,,
638,6,,,
638,2197,,,
638,2148,,,
638,2278,,,
619,2285,,,
530,2286,,,
638,1933,,,
640,1933,,,
640,2187,,,
640,1843,,,
666,2197,,,
666,1933,,,
666,6,,,
666,2187,,,
639,2148,,,
639,1933,,,
639,6,,,
667,441,,,
638,249,,,
640,249,,,
666,249,,,
639,249,,,
667,1579,,,
687,2298,,,
687,1888,,,
619,1888,,,
687,1651,,,
668,1933,,,
668,6,,,
687,1579,,,
668,249,,,
687,5,,,
619,2203,,,
690,2145,,,
690,2187,,,
557,238,,,
690,6,,,
690,1933,,,
687,384,,,
694,916,,,
695,2310,,,
695,1590,,,
695,1820,,,
695,1988,,,
695,2190,,,
695,2203,,,
695,2269,,,
687,2269,,,
696,2187,,,
609,2187,,,
696,6,,,
695,2270,,,
696,2197,,,
696,1875,,,
695,1888,,,
612,1888,,,
608,1888,,,
695,1579,,,
705,2187,,,
608,1579,,,
705,1933,,,
706,2145,,,
706,2278,,,
705,2278,,,
706,2187,,,
706,1933,,,
365,1187,,,
707,2270,,,
707,2269,,,
707,1978,,,
707,384,,1,
706,249,,,
690,249,,,
696,249,,,
708,6,,,
708,1933,,,
713,6,,,
713,1933,,,
713,2148,,,
459,2323,,,
713,249,,,
713,2145,,,
235,2326,,,
541,2326,,,
707,1800,,,
719,2270,,,
721,6,,,
721,249,,,
708,249,,,
722,6,,,
722,1933,,,
722,249,,,
705,249,,,
722,933,,,
722,2145,,,
727,6,,,
722,1921,,,
734,2285,,,
719,2285,,,
734,2331,,,
734,2269,,,
719,2269,,,
737,1613,,,
737,1875,,,
737,2192,,,
737,2259,,,
737,6,,,
743,1933,,,
743,2148,,,
745,441,,,
747,441,,,
748,2148,,,
748,1933,,,
748,6,,,
728,2330,,,
729,2330,,,
730,2330,,,
530,2338,,,
750,1820,,,
673,2337,,,
750,1651,,,
752,6,,,
752,249,,,
727,249,,,
737,249,,,
743,249,,,
502,1933,,,
494,1933,,,
748,249,,,
759,1933,,,
759,6,,,
507,933,,,
651,2337,,,
759,76,,,
750,2269,,,
761,2269,,,
761,1460,,,
761,1590,,,
761,1820,,,
761,1988,,,
761,2180,,,
761,2190,,,
761,2203,,,
761,2338,,,
759,249,,,
472,2337,,,
763,1709,,,
762,1709,,,
762,6,,,
763,6,,,
763,249,,,
769,1709,,,
769,6,,,
770,1579,,,
768,1579,,,
769,249,,,
771,1460,,,
771,1709,,,
761,2097,,,
772,1709,,,
772,6,,,
774,2148,,,
774,6,,,
774,1933,,,
771,1602,,,
761,1602,,,
734,1602,,,
750,1602,,,
719,1602,,,
707,1602,,,
695,1602,,,
687,1602,,,
619,1602,,,
608,1602,,,
417,1602,,,
619,1601,,,
612,1601,,,
771,1601,,,
750,1601,,,
761,1601,,,
707,1601,,,
734,1601,,,
608,1601,,,
778,6,,,
780,1460,,,
780,2269,,,
780,1978,,,
781,2187,,,
781,6,,,
781,1933,,,
778,249,,,
781,249,,,
774,2204,,,
772,2204,,,
769,2204,,,
790,2338,,,
790,1602,,,
790,1460,,,
470,1602,,,
460,1602,,,
790,2270,,,
780,1800,,,
800,1933,,,
790,1800,,,
800,2148,,,
800,6,,,
133,2378,,,
510,2378,,,
783,249,,,
800,249,,,
807,6,,,
807,1933,,,
807,249,,,
827,2269,,,
807,2145,,,
827,2270,,,
827,1651,,,
827,2394,,,
858,1868,,,
857,1868,,,
856,1868,,,
863,128,,,
830,2333,,,
783,2204,,,
807,2204,,,
990,1579,,,
990,1460,,,
990,1651,,,
1008,1590,,,
1008,384,,,
1008,1800,,,
1008,1820,,,
1008,1981,,,
1008,1988,,,
1008,2155,,,
1008,2180,,,
1008,2190,,,
1008,2229,,,
1008,2271,,,
1008,2358,,,
1008,2391,,,
1008,1651,,,
1008,1978,,,
1008,1460,,,
990,2269,,,
1009,1579,,,
541,128,,,
1008,2269,,,
1013,2414,,,
1020,1651,,,
1020,2358,,,
1020,1460,,,
258,2420,,,
1020,1800,,,
990,1800,,,
719,1800,,,
827,1809,,,
488,2425,,,
260,2426,,,
1022,2226,,,
1033,1460,,,
1033,1978,,,
1033,1590,,,
1033,1820,,,
1033,1981,,,
1033,1988,,,
1033,2155,,,
1033,2180,,,
1033,2229,,,
1033,2190,,,
1033,2271,,,
1033,2285,,,
1033,2338,,,
1033,2391,,,
990,1986,,,
827,1602,,,
990,1602,,,
1008,1602,,,
1033,1094,,,
1033,1579,,,
772,249,,,
774,249,,,
1033,1888,,,
1020,1888,,,
990,1888,,,
545,2430,,,
586,2430,,,
1020,2203,,,
1033,2203,,,
1039,1590,,,
1039,384,,,
1039,1820,,,
1039,1981,,,
1039,1988,,,
1039,2180,,,
1039,2338,,,
1039,1460,,,
1039,1651,,,
736,2226,,,
827,2338,,,
1046,1460,,,
1046,2338,,,
1046,1988,,,
1046,2269,,,
750,2338,,,
1041,2226,,,
1039,132,,,
1046,132,,,
1051,1590,,,
1051,384,,,
1051,1981,,,
1051,1988,,,
1051,1978,,,
1051,1460,,,
1051,132,,,
865,2199,,,
783,1921,,,
1052,1978,,,
1052,1590,,,
1052,384,,,
1052,1820,,,
1052,1981,,,
1052,1988,,,
1052,2190,,,
1051,933,,,
1051,1579,,,
1051,2391,,,
1051,1651,,,
1053,1590,,,
1053,384,,,
1053,1820,,,
1053,1981,,,
1053,1986,,,
1053,1988,,,
1053,2190,,,
1053,2391,,,
1053,1460,,,
1053,1651,,,
827,2464,,,
1053,1978,,,
1053,2472,,,
820,2379,,,
1052,2391,,,
1046,2391,,,
1046,2487,,,
1053,2487,,,
1053,2488,,1,
1053,2486,,,
1053,2490,,,
1053,2494,,,
1053,2495,,,
1053,2501,,,
1053,2503,,,
1050,2500,,,
1053,2500,,,
1053,2507,,,
769,1933,,,
1053,2514,,,
1053,2512,,,
1053,2513,,,
1053,2509,,,
1053,2517,,,
1053,2521,,,
1069,2269,,,
1069,1651,,,
381,2530,,,
1039,1602,,,
1046,1602,,,
1053,2538,,,
1053,2534,,,
1053,2533,,,
1052,2487,,,
1053,2540,,,
1053,2541,,,
1070,1978,,,
1070,2501,,,
1053,2547,,,
1053,2550,,,
1053,2553,,,
1070,2566,,,
1053,2564,,,
1071,2469,,,
1053,2570,,,
1071,1460,,,
1071,76,,,
1071,5,,,
1053,2565,,,
1071,132,,,
1071,1651,,,
1053,2575,,,
1053,2510,,,
1071,2358,,,
1053,2576,,,
422,1679,,,
488,2583,,,
636,2584,,,
1074,2501,,,
1074,2473,,,
1074,384,,,
1074,1820,,,
1074,1988,,,
1074,2487,,,
1074,2494,,,
1074,1460,,,
1074,2517,,,
1071,2517,,,
1074,2469,,,
1074,76,,,
1064,2604,,,
1093,1590,,,
1093,384,,,
1093,1820,,,
1093,1981,,,
1093,1988,,,
1093,2180,,,
1093,2155,,,
1093,2461,,,
1093,2487,,,
1093,2473,,,
1093,2488,,,
1093,2494,,,
1093,2495,,,
1093,2503,,,
1093,2505,,,
1093,2513,,,
1093,2514,,,
1093,2534,,,
1093,2573,,,
1093,2469,,,
1093,2269,,,
1093,1460,,,
1093,1978,,,
1093,2524,,,
1093,2501,,,
407,1636,,,
1093,1094,,,
1053,2601,,,
1094,384,,,
1094,1820,,,
1094,1981,,,
1094,1988,,,
1094,2180,,,
1094,2155,,,
1094,2229,,,
1094,2271,,,
1094,2285,,,
1094,132,,,
1094,2461,,,
1094,2487,,,
1094,2473,,,
1094,2488,,,
1094,2495,,,
1094,2494,,,
1094,2505,,,
1094,2513,,,
1094,2503,,,
1094,2514,,,
1094,2517,,,
1094,2534,,,
1094,2532,,,
1094,2566,,,
1094,2573,,,
1094,2469,,,
1094,1651,,,
1094,76,,,
1129,1590,,,
1129,1820,,,
1129,1981,,,
1129,1988,,,
1129,2155,,,
1129,2180,,,
1129,2285,,,
1129,2461,,,
1129,2473,,,
1129,2487,,,
1129,2488,,,
1129,2495,,,
1129,2503,,,
1129,2494,,,
1129,2505,,,
1129,2514,,,
1129,2532,,,
1129,2534,,,
1129,2573,,,
1129,1460,,,
1129,1809,,,
1129,2464,,,
1094,2464,,,
1464,6,,,
1208,6,,,
1434,6,,,
1472,2766,,,
1053,2767,,,
1119,2669,,,
530,2777,,,
1096,2770,,,
1507,2785,,,
1053,2785,,,
1260,2786,,,
1507,2787,,,
1498,2793,,,
1083,2770,,,
1252,2475,,,
1504,2797,,,
1053,2803,,,
1529,1460,,,
8,2807,,,
1560,2823,,,
252,2822,,,
478,2824,,,
1149,2836,1,,
1546,2843,,,
530,2844,,,
263,2845,,,
1569,2848,,,
1592,2845,,,
1138,2865,,,
572,2865,,,
1587,1623,,,
1625,2883,,,
1502,2891,1,,
1504,2891,,,
1053,2887,,,
1618,2199,,,
1053,2899,,1,
1053,2904,,,
1118,2906,,,
1642,2908,,,
1083,2908,,,
575,2907,,,
1567,2907,,,
1007,2907,,,
736,2905,,,
846,2905,,,
765,2905,,,
996,2905,,,
1165,2913,,,
1249,2905,,,
1666,2917,,,
638,2204,,,
618,2204,,,
639,2204,,,
668,2204,,,
706,2204,,,
705,2204,,,
1666,2918,,,
1665,2918,,,
781,2204,,,
1626,2905,,,
1686,2930,,,
1523,2933,,,
995,2905,,,
1693,2859,,,
755,2905,,,
527,2936,,,
1699,2769,,,
252,2948,,,
1493,2946,1,,
394,2946,,,
1119,2871,,,
252,2957,,,
1527,2961,,,
1524,2961,,,
1549,2966,1,1,
1569,2965,,,
1525,2987,,,
1569,2956,,,
1525,2990,1,1,
1119,2994,,,
1476,3004,,,
1119,3004,,,
1679,3006,,,
1656,3006,,,
1090,2962,,,
1524,3020,1,,
1033,2972,,,
516,3033,,,
1119,3036,,,
1836,3031,,,
1828,3006,,,
1839,3006,,,
1824,3006,,,
1801,3006,,,
1831,3006,,,
1836,3006,,,
1846,2769,,,
1868,3006,,,
1872,3006,,,
1942,3006,,1,
1945,3021,,,
1962,3006,,,
1963,3006,,,
1956,3006,,,
1955,3006,,,
1947,3006,,,
1943,3006,,,
1951,3006,,,
1950,3006,,,
1524,3051,,,
1967,3047,,,
1966,3047,,,
1736,3047,,,
1970,3006,,,
1952,3006,,,
1971,3006,,,
1964,3006,,,
1965,2769,,,
1744,2859,,,
1971,3021,,,
1557,3070,,,
810,3076,1,,
1476,3080,,,
1111,3080,,,
1092,3090,,,
2008,3075,,,
1083,3102,,,
2037,3110,,,
2036,3110,,,
2035,3110,,,
2101,3006,,,
203,3124,,,
1658,3125,,,
252,3127,1,,
1732,3131,,,
1121,3137,,,
1580,3142,,,
1119,3098,,,
1676,3125,,,
2115,3125,1,,
2128,3125,1,,
2020,3147,,,
1724,3131,,,
1719,3131,,,
277,3157,,,
1119,3158,,,
64091,4942,,,
63948,2199,,,
63923,2199,,,
64091,2637,,,
64152,4827,,,
64153,4947,,,
64151,4958,,1,
64154,4947,,,
64155,2392,,,
64156,4959,,,
64158,4947,,,
64159,4696,,,
64160,4848,,,
64161,4828,,,
64162,4947,,,
64163,4922,,,
64157,4828,,,
63923,6,,,
64156,6,,,
64151,6,,,
64165,4961,,,
64166,4920,,,
64168,4920,,,
64169,4920,,,
64167,4852,,,
64170,4920,,,
64171,4920,,,
64172,4963,,,
64173,4962,,,
64174,4964,,1,
64175,4828,,,
63957,4837,,,
64105,4804,,,
64177,4804,,,
64178,4737,,,
64179,4804,,,
63142,2346,,,
64180,2346,,,
64176,4884,,,
64181,4884,,,
64182,4696,,,
63923,4965,,,
64068,4968,,,
64067,2650,,,
63932,2650,,,
64143,4962,,,
63967,4759,,,
64184,4906,,,
64183,2358,,,
64187,4808,,,
64188,4828,,,
64185,4827,,,
64189,4808,,,
64193,4947,,,
64195,4970,,,
64196,4947,,,
64191,2392,,,
64192,4947,,,
64198,4971,,,
64195,5,,,
64189,5,,,
64199,4649,,,
64187,5,,,
64200,4947,,,
64201,2392,,,
64202,4947,,,
64203,4947,,,
63900,5,,,
354,5,,,
64068,2358,,1,
63837,1602,,,
63877,1602,,,
63933,1602,,,
63993,1602,,,
64019,1602,,,
64204,4920,,,
64206,4920,,,
63900,76,,,
63900,1613,,,
63900,1754,,,
63900,1796,,,
63900,2607,,,
63900,2509,,,
64207,4827,,,
64205,4970,,,
64208,4920,,,
63337,2346,,,
64177,4799,,,
64206,5,,,
64111,5,,,
63900,441,,,
64091,2358,,,
64068,4974,,,
64403,2358,,1,
64403,4680,,,
64403,4900,,,
64403,4956,,,
64403,4868,,,
64403,4974,,,
64403,4975,,,
64403,4984,,,
64403,1,,,
64404,4963,,,
64406,4988,,,
64405,4962,,,
64407,4988,,,
64411,4988,,,
64409,4897,,,
64410,4988,,,
64401,4857,,,
64401,4888,,,
64120,4995,,,
64413,6,,,
64401,4759,1,,
64401,4997,1,1,
64413,4679,,,
64401,1,,,
64413,1,,,
64413,4948,,,
64413,2469,,,
64415,4828,,,
64418,4649,,,
64416,2358,,1,
64413,2637,,,
64413,2269,,,
64419,4999,,,
63900,1812,,,
64413,4759,,,
64416,5,,,
64418,5,,,
64417,5,,,
64413,5,,,
63794,5002,,,
64416,4680,,,
64416,4868,,,
64416,4872,,,
64416,4956,,,
64416,4867,,,
64416,4974,,,
64416,4975,,,
64416,4984,,,
64420,5002,,,
64424,5004,,,
64425,4962,,,
64421,5003,,,
64423,4963,,,
64426,4852,,,
64427,5005,,,
64428,5006,,,
64432,4897,,,
64433,5007,,,
64430,4828,,,
64431,2392,,,
64435,4711,,,
64434,5005,,,
64439,5012,,,
64437,4796,,,
64437,4882,,,
64437,4888,,,
64437,4901,,,
64437,4909,,,
64437,4997,,,
64441,4828,,,
64097,4802,,,
64442,4802,,,
64447,5018,,,
64448,5018,,,
64449,5018,,,
64450,5018,,,
64451,5018,,,
64452,5019,,1,
64453,5018,,,
64454,5018,,,
64455,5018,,,
64456,5018,,,
64457,5018,,,
64458,5018,,,
64459,5018,,,
64460,5018,,,
64461,5018,,,
64462,5018,,,
64463,5018,,,
64464,5018,,,
64437,4983,,,
64466,5020,,,
64437,5021,,1,
64401,5021,,1,
64465,4906,,,
64467,5022,,,
64416,5015,,1,
63909,5015,,,
64468,5024,,,
63900,1694,,,
61828,441,,1,
438,441,,1,
63933,1978,,,
290,4871,,1,
21,4871,,1,
267,4871,,1,
64067,1628,,,
64115,4759,,,
64091,4759,,,
64068,4984,,,
64452,1,,1,
64473,4828,,,
64452,4997,,,
64474,4963,,,
64469,4827,,,
64471,4852,,,
64475,4567,,,
64482,4649,,,
64481,4649,,,
260,1579,,,
64495,5019,1,1,
64494,5030,,1,
64495,5031,,,
63902,5,,,
64499,2392,,,
64500,4816,,,
64501,2392,,,
64496,4827,,,
64497,2642,,,
64498,4828,,,
64495,4997,,,
64495,5002,,,
64503,5002,,,
64502,5032,,,
64503,4938,1,1,
64503,5019,,1,
64505,2392,,,
64503,4759,,,
64507,4963,,,
63902,4759,,,
64437,4759,,,
64495,4759,,,
64496,4759,,,
64420,4759,,,
64508,4897,,,
64495,1,,,
64452,5002,,,
64413,5002,,,
63900,5037,,,
64510,5048,,,
63902,441,,,
64510,5050,,,
63902,76,,,
63902,933,,,
63902,1579,,,
63902,1694,,,
63902,1613,,,
63902,1754,,,
63902,1796,,,
63902,1807,,,
63902,1812,,,
63902,2509,,,
63902,2607,,,
64503,5031,,,
64503,5048,,,
63902,7,,,
64510,4983,,,
64510,5055,,,
64514,4842,,,
64512,4962,,,
64510,5053,,,
64510,5054,,1,
64513,4852,,,
64516,4801,,,
64503,1,,,
64517,5056,,,
64503,4888,,,
64495,4888,,,
64510,4888,,,
64452,4888,,,
64518,5,,,
64518,6,,,
64518,2358,,,
64519,5002,,,
64437,5002,,,
64520,4827,,,
64518,4679,,,
64526,4828,,,
64500,4886,,,
64521,5064,,,
64523,4963,,,
252,5065,,,
64525,5064,,,
64518,2469,,,
64527,4794,,,
64528,5066,,,
64503,4997,,,
64529,5033,,1,
64528,5067,,,
64518,1460,,,
64531,5019,,1,
64531,4938,,,
63773,5003,,,
64525,5056,,,
64533,5064,,,
64534,4828,,,
64536,5032,,,
64537,4897,,,
64538,5064,,,
64539,5064,,,
64540,5064,,,
64553,2334,,,
64532,5069,1,,
64551,5033,,,
64532,5068,,,
64552,4852,,,
64542,5064,,,
64531,5045,,,
64550,2334,,,
64531,5,,,
64532,5070,,,
64555,4963,,,
64554,5005,,,
64532,2358,,1,
64532,4867,,1,
64068,4867,,1,
64518,4867,,,
64067,4867,,,
63721,5073,,,
64556,5073,,,
149,441,,1,
64532,1,,,
64532,6,,,
64559,2333,,,
64560,5033,,,
64561,5033,,,
64557,4827,,,
64562,2333,,,
64563,5074,,,
63462,4848,,,
64564,4963,,,
64565,4897,,,
64566,2330,,,
64567,4828,,,
64568,4998,,,
